{
  "presets": [
    {
      "id": "xmrig",
      "name": "XMRig (CPU / RandomX)",
      "exeHint": "C:\\\\miners\\\\xmrig\\\\xmrig.exe",
      "argsTemplate": "-o {POOL_URL} -u {WALLET} -p {PASSWORD} -t {THREADS}",
      "hashrateRegexes": [
        "speed\\s+10s\\/(?:60s\\/)?(?:15m\\/)?\\s*([0-9.]+)\\s*(H\\/s|kH\\/s|MH\\/s|GH\\/s|KH\\/s|MHs|GHs)",
        "hashrate.*?:\\s*([0-9.]+)\\s*(H\\/s|kH\\/s|MH\\/s|GH\\/s)"
      ]
    },
    {
      "id": "lolminer",
      "name": "lolMiner (GPU)",
      "exeHint": "C:\\\\miners\\\\lolMiner\\\\lolMiner.exe",
      "argsTemplate": "--algo {ALGO} --pool {POOL_URL} --user {WALLET} --pass {PASSWORD}",
      "notes": "Common algos: ETHASH, ETCHASH, KASPA, AUTOLYKOS2, BEAM, Equihash variants",
      "hashrateRegexes": [
        "(?i)Total\\s+Speed\\s*[:=]\\s*([0-9.]+)\\s*(H\\/s|KH\\/s|MH\\/s|GH\\/s|Sol\\/s|kSol\\/s|MSol\\/s|GSol\\/s)",
        "(?i)Total\\s*\\(ALL\\)\\s*[-=]\\s*([0-9.]+)\\s*(H\\/s|KH\\/s|MH\\/s|GH\\/s|Sol\\/s|kSol\\/s|MSol\\/s|GSol\\/s)"
      ]
    },
    {
      "id": "srbminer",
      "name": "SRBMiner-MULTI (CPU/GPU)",
      "exeHint": "C:\\\\miners\\\\SRBMiner-MULTI\\\\SRBMiner-MULTI.exe",
      "argsTemplate": "--algorithm {ALGO} --pool {POOL_URL} --wallet {WALLET} --password {PASSWORD} --cpu-threads {THREADS}",
      "notes": "Supports RandomX, KawPow, VerusHash, etc. Add GPU flags via extra args.",
      "hashrateRegexes": [
        "(?i)Total\\s+Hashrate\\s*[:=]\\s*([0-9.]+)\\s*(H\\/s|KH\\/s|MH\\/s|GH\\/s)",
        "(?i)Hashrate.*?[:=]\\s*([0-9.]+)\\s*(H\\/s|KH\\/s|MH\\/s|GH\\/s)"
      ]
    },
    {
      "id": "teamredminer",
      "name": "TeamRedMiner (AMD GPU)",
      "exeHint": "C:\\\\miners\\\\teamredminer\\\\teamredminer.exe",
      "argsTemplate": "-a {ALGO} -o {POOL_URL} -u {WALLET} -p {PASSWORD}",
      "notes": "Common algos: ethash, kawpow, etc.",
      "hashrateRegexes": [
        "(?i)Total\\s+\\w*\\s*speed\\s*[:=]\\s*([0-9.]+)\\s*(H\\/s|KH\\/s|MH\\/s|GH\\/s)"
      ]
    },
    {
      "id": "gminer",
      "name": "GMiner (GPU)",
      "exeHint": "C:\\\\miners\\\\gminer\\\\miner.exe",
      "argsTemplate": "--algo {ALGO} --server {POOL_URL} --user {WALLET} --pass {PASSWORD}",
      "notes": "Use host:port in POOL_URL (e.g., eu1.ethermine.org:4444) or a stratum URI.",
      "hashrateRegexes": [
        "(?i)Total\\s+speed\\s*[:=]\\s*([0-9.]+)\\s*(H\\/s|KH\\/s|MH\\/s|GH\\/s)"
      ]
    },
    {
      "id": "nbminer",
      "name": "NBMiner (GPU)",
      "exeHint": "C:\\\\miners\\\\nbminer\\\\nbminer.exe",
      "argsTemplate": "-a {ALGO} -o {POOL_URL} -u {WALLET}.{WORKERNAME} -p {PASSWORD}",
      "notes": "Set WORKERNAME if desired; leave empty otherwise.",
      "hashrateRegexes": [
        "(?i)total\\s+speed\\s*[:=]\\s*([0-9.]+)\\s*(H\\/s|KH\\/s|MH\\/s|GH\\/s)"
      ]
    },
    {
      "id": "trex",
      "name": "T-Rex (NVIDIA GPU)",
      "exeHint": "C:\\\\miners\\\\t-rex\\\\t-rex.exe",
      "argsTemplate": "-a {ALGO} -o {POOL_URL} -u {WALLET} -p {PASSWORD} -w {WORKERNAME}",
      "notes": "Common algos: kawpow, ethash, etc. Use stratum+tcp://host:port for POOL_URL.",
      "hashrateRegexes": [
        "(?i)GPU\\s+#\\d+\\s*:\\s*([0-9.]+)\\s*(H\\/s|KH\\/s|MH\\/s|GH\\/s)",
        "(?i)(Average speed|Hashrate|Total)\\s*[:=]\\s*([0-9.]+)\\s*(H\\/s|KH\\/s|MH\\/s|GH\\/s)"
      ]
    }
  ]
}